-- Data Export from PostgreSQL
-- Generated on: 2025-10-02T00:06:16.794Z

-- Disable triggers during import
SET session_replication_role = replica;

-- Data for table: users
INSERT INTO users (id, client_id, email, password_hash, name, role, is_active, last_login, created_at, updated_at) VALUES ('650e8400-e29b-41d4-a716-446655440001', '550e8400-e29b-41d4-a716-446655440001', 'ceo@propaganda.com', '$2b$10$example_hash_ceo', 'CEO User', 'ceo', TRUE, NULL, '2025-09-28T08:35:39.749Z', '2025-09-28T08:35:39.749Z');
INSERT INTO users (id, client_id, email, password_hash, name, role, is_active, last_login, created_at, updated_at) VALUES ('650e8400-e29b-41d4-a716-446655440002', '550e8400-e29b-41d4-a716-446655440001', 'admin@propaganda.com', '$2b$10$example_hash_admin', 'Admin User', 'admin', TRUE, NULL, '2025-09-28T08:35:39.749Z', '2025-09-28T08:35:39.749Z');
INSERT INTO users (id, client_id, email, password_hash, name, role, is_active, last_login, created_at, updated_at) VALUES ('650e8400-e29b-41d4-a716-446655440003', '550e8400-e29b-41d4-a716-446655440001', 'sales1@propaganda.com', '$2b$10$example_hash_sales1', 'John Doe', 'sales', TRUE, NULL, '2025-09-28T08:35:39.749Z', '2025-09-28T08:35:39.749Z');
INSERT INTO users (id, client_id, email, password_hash, name, role, is_active, last_login, created_at, updated_at) VALUES ('650e8400-e29b-41d4-a716-446655440004', '550e8400-e29b-41d4-a716-446655440001', 'sales2@propaganda.com', '$2b$10$example_hash_sales2', 'Jane Smith', 'sales', TRUE, NULL, '2025-09-28T08:35:39.749Z', '2025-09-28T08:35:39.749Z');
INSERT INTO users (id, client_id, email, password_hash, name, role, is_active, last_login, created_at, updated_at) VALUES ('650e8400-e29b-41d4-a716-446655440005', '550e8400-e29b-41d4-a716-446655440002', 'admin@techsolutions.com', '$2b$10$example_hash_admin2', 'Tech Admin', 'admin', TRUE, NULL, '2025-09-28T08:35:39.758Z', '2025-09-28T08:35:39.758Z');
INSERT INTO users (id, client_id, email, password_hash, name, role, is_active, last_login, created_at, updated_at) VALUES ('650e8400-e29b-41d4-a716-446655440006', '550e8400-e29b-41d4-a716-446655440002', 'sales@techsolutions.com', '$2b$10$example_hash_sales3', 'Tech Sales', 'sales', TRUE, NULL, '2025-09-28T08:35:39.758Z', '2025-09-28T08:35:39.758Z');

-- Data for table: clients
INSERT INTO clients (id, name, email, phone, address, is_active, created_at, updated_at) VALUES ('550e8400-e29b-41d4-a716-446655440001', 'Propaganda Inc', 'contact@propaganda.com', '+1-555-0101', '123 Agency St, New York, NY 10001', TRUE, '2025-09-28T08:35:39.737Z', '2025-09-28T08:35:39.737Z');
INSERT INTO clients (id, name, email, phone, address, is_active, created_at, updated_at) VALUES ('550e8400-e29b-41d4-a716-446655440002', 'Tech Solutions LLC', 'info@techsolutions.com', '+1-555-0102', '456 Tech Ave, San Francisco, CA 94105', TRUE, '2025-09-28T08:35:39.737Z', '2025-09-28T08:35:39.737Z');

-- Data for table: calls
INSERT INTO calls (id, client_id, user_id, prospect_name, prospect_email, prospect_phone, call_type, status, outcome, loss_reason_id, notes, call_duration, scheduled_at, completed_at, created_at, updated_at) VALUES ('1945f300-00d7-4ee6-abff-d836e170031a', '550e8400-e29b-41d4-a716-446655440001', '650e8400-e29b-41d4-a716-446655440002', 'Test Prospect', 'test@prospect.com', NULL, 'outbound', 'completed', 'won', NULL, 'Test call for role-based access control', NULL, NULL, NULL, '2025-09-28T19:17:56.177Z', '2025-09-28T19:17:56.177Z');
INSERT INTO calls (id, client_id, user_id, prospect_name, prospect_email, prospect_phone, call_type, status, outcome, loss_reason_id, notes, call_duration, scheduled_at, completed_at, created_at, updated_at) VALUES ('850e8400-e29b-41d4-a716-446655440001', '550e8400-e29b-41d4-a716-446655440001', '650e8400-e29b-41d4-a716-446655440003', 'Alice Johnson', 'alice@example.com', '+1-555-1001', 'outbound', 'completed', 'won', NULL, 'Great conversation, closed the deal', 1800, '2024-09-20T10:00:00.000Z', '2024-09-20T10:30:00.000Z', '2025-09-28T08:35:39.760Z', '2025-09-28T08:35:39.760Z');
INSERT INTO calls (id, client_id, user_id, prospect_name, prospect_email, prospect_phone, call_type, status, outcome, loss_reason_id, notes, call_duration, scheduled_at, completed_at, created_at, updated_at) VALUES ('850e8400-e29b-41d4-a716-446655440002', '550e8400-e29b-41d4-a716-446655440001', '650e8400-e29b-41d4-a716-446655440003', 'Bob Wilson', 'bob@example.com', '+1-555-1002', 'inbound', 'completed', 'lost', NULL, 'Price was too high for their budget', 1200, '2024-09-21T14:00:00.000Z', '2024-09-21T14:20:00.000Z', '2025-09-28T08:35:39.760Z', '2025-09-28T08:35:39.760Z');
INSERT INTO calls (id, client_id, user_id, prospect_name, prospect_email, prospect_phone, call_type, status, outcome, loss_reason_id, notes, call_duration, scheduled_at, completed_at, created_at, updated_at) VALUES ('850e8400-e29b-41d4-a716-446655440003', '550e8400-e29b-41d4-a716-446655440001', '650e8400-e29b-41d4-a716-446655440004', 'Carol Davis', 'carol@example.com', '+1-555-1003', 'outbound', 'completed', 'won', NULL, 'Excellent prospect, very interested', 2100, '2024-09-22T09:00:00.000Z', '2024-09-22T09:35:00.000Z', '2025-09-28T08:35:39.760Z', '2025-09-28T08:35:39.760Z');
INSERT INTO calls (id, client_id, user_id, prospect_name, prospect_email, prospect_phone, call_type, status, outcome, loss_reason_id, notes, call_duration, scheduled_at, completed_at, created_at, updated_at) VALUES ('850e8400-e29b-41d4-a716-446655440004', '550e8400-e29b-41d4-a716-446655440001', '650e8400-e29b-41d4-a716-446655440004', 'David Brown', 'david@example.com', '+1-555-1004', 'inbound', 'no-show', 'tbd', NULL, 'Prospect did not show up for scheduled call', 0, '2024-09-23T15:00:00.000Z', NULL, '2025-09-28T08:35:39.760Z', '2025-09-28T08:35:39.760Z');
INSERT INTO calls (id, client_id, user_id, prospect_name, prospect_email, prospect_phone, call_type, status, outcome, loss_reason_id, notes, call_duration, scheduled_at, completed_at, created_at, updated_at) VALUES ('850e8400-e29b-41d4-a716-446655440005', '550e8400-e29b-41d4-a716-446655440001', '650e8400-e29b-41d4-a716-446655440003', 'Eva Martinez', 'eva@example.com', '+1-555-1005', 'outbound', 'completed', 'lost', '750e8400-e29b-41d4-a716-446655440002', 'Not interested in our services', 900, '2024-09-24T11:00:00.000Z', '2024-09-24T11:15:00.000Z', '2025-09-28T08:35:39.760Z', '2025-09-28T08:35:39.760Z');
INSERT INTO calls (id, client_id, user_id, prospect_name, prospect_email, prospect_phone, call_type, status, outcome, loss_reason_id, notes, call_duration, scheduled_at, completed_at, created_at, updated_at) VALUES ('850e8400-e29b-41d4-a716-446655440006', '550e8400-e29b-41d4-a716-446655440001', '650e8400-e29b-41d4-a716-446655440004', 'Frank Taylor', 'frank@example.com', '+1-555-1006', 'inbound', 'completed', 'won', NULL, 'Quick decision maker, signed immediately', 1500, '2024-09-25T16:00:00.000Z', '2024-09-25T16:25:00.000Z', '2025-09-28T08:35:39.760Z', '2025-09-28T08:35:39.760Z');
INSERT INTO calls (id, client_id, user_id, prospect_name, prospect_email, prospect_phone, call_type, status, outcome, loss_reason_id, notes, call_duration, scheduled_at, completed_at, created_at, updated_at) VALUES ('850e8400-e29b-41d4-a716-446655440007', '550e8400-e29b-41d4-a716-446655440002', '650e8400-e29b-41d4-a716-446655440006', 'Grace Lee', 'grace@example.com', '+1-555-2001', 'outbound', 'completed', 'won', NULL, 'Technical discussion went well', 2400, '2024-09-20T13:00:00.000Z', '2024-09-20T13:40:00.000Z', '2025-09-28T08:35:39.764Z', '2025-09-28T08:35:39.764Z');
INSERT INTO calls (id, client_id, user_id, prospect_name, prospect_email, prospect_phone, call_type, status, outcome, loss_reason_id, notes, call_duration, scheduled_at, completed_at, created_at, updated_at) VALUES ('850e8400-e29b-41d4-a716-446655440008', '550e8400-e29b-41d4-a716-446655440002', '650e8400-e29b-41d4-a716-446655440006', 'Henry Chen', 'henry@example.com', '+1-555-2002', 'inbound', 'completed', 'lost', '750e8400-e29b-41d4-a716-446655440006', 'Could not meet their technical requirements', 1800, '2024-09-21T10:00:00.000Z', '2024-09-21T10:30:00.000Z', '2025-09-28T08:35:39.764Z', '2025-09-28T08:35:39.764Z');
INSERT INTO calls (id, client_id, user_id, prospect_name, prospect_email, prospect_phone, call_type, status, outcome, loss_reason_id, notes, call_duration, scheduled_at, completed_at, created_at, updated_at) VALUES ('86f7d1c0-cd1f-4f00-8582-d46570666912', '550e8400-e29b-41d4-a716-446655440001', '650e8400-e29b-41d4-a716-446655440003', 'Test Prospect', 'test@prospect.com', NULL, 'outbound', 'completed', 'won', NULL, 'Test call for role-based access control', NULL, NULL, NULL, '2025-09-28T19:17:54.549Z', '2025-09-28T19:17:54.549Z');
INSERT INTO calls (id, client_id, user_id, prospect_name, prospect_email, prospect_phone, call_type, status, outcome, loss_reason_id, notes, call_duration, scheduled_at, completed_at, created_at, updated_at) VALUES ('a48b4620-e0ad-486a-9c5f-5fa6c0dc807f', '550e8400-e29b-41d4-a716-446655440001', '650e8400-e29b-41d4-a716-446655440001', 'Test Prospect', 'test@prospect.com', NULL, 'outbound', 'completed', 'won', NULL, 'Test call for role-based access control', NULL, NULL, NULL, '2025-09-28T19:17:58.082Z', '2025-09-28T19:17:58.082Z');
INSERT INTO calls (id, client_id, user_id, prospect_name, prospect_email, prospect_phone, call_type, status, outcome, loss_reason_id, notes, call_duration, scheduled_at, completed_at, created_at, updated_at) VALUES ('b09da061-0905-4441-afce-0bab5008b5ad', '550e8400-e29b-41d4-a716-446655440001', '650e8400-e29b-41d4-a716-446655440003', 'Test Prospect', 'test@prospect.com', NULL, 'outbound', 'completed', 'won', NULL, 'Test call', NULL, NULL, NULL, '2025-09-28T19:17:22.243Z', '2025-09-28T19:17:22.243Z');

-- Re-enable triggers
SET session_replication_role = DEFAULT;
